source,ingestion_timestamp,event_timestamp,lat,lon,raw_text,raw_payload,metadata
reddit,2026-04-07 18:47:52.185143,2021-12-04 02:46:33,,,Who Causes Climate Change?,"{""approved_at_utc"": null, ""subreddit"": ""wildfires"", ""selftext"": """", ""author_fullname"": ""t2_4gwa2zcy"", ""saved"": false, ""mod_reason_title"": null, ""gilded"": 0, ""clicked"": false, ""title"": ""Who Causes Climate Change?"", ""link_flair_richtext"": [], ""subreddit_name_prefixed"": ""r/wildfires"", ""hidden"": false, ""pwls"": null, ""link_flair_css_class"": null, ""downs"": 0, ""top_awarded_type"": null, ""hide_score"": false, ""name"": ""t3_r8fp82"", ""quarantine"": false, ""link_flair_text_color"": ""dark"", ""upvote_ratio"": 0.85, ""author_flair_background_color"": null, ""subreddit_type"": ""restricted"", ""ups"": 18, ""total_awards_received"": 0, ""media_embed"": {}, ""author_flair_template_id"": null, ""is_original_content"": false, ""user_reports"": [], ""secure_media"": null, ""is_reddit_media_domain"": true, ""is_meta"": false, ""category"": null, ""secure_media_embed"": {}, ""link_flair_text"": null, ""can_mod_post"": false, ""score"": 18, ""approved_by"": null, ""is_created_from_ads_ui"": false, ""author_premium"": false, ""thumbnail"": """", ""edited"": false, ""author_flair_css_class"": null, ""author_flair_richtext"": [], ""gildings"": {}, ""content_categories"": null, ""is_self"": false, ""mod_note"": null, ""created"": 1638585993.0, ""link_flair_type"": ""text"", ""wls"": null, ""removed_by_category"": null, ""banned_by"": null, ""author_flair_type"": ""text"", ""domain"": ""i.redd.it"", ""allow_live_comments"": false, ""selftext_html"": null, ""likes"": null, ""suggested_sort"": null, ""banned_at_utc"": null, ""url_overridden_by_dest"": ""https://i.redd.it/ag0nzu5ovf381.jpg"", ""view_count"": null, ""archived"": false, ""no_follow"": false, ""is_crosspostable"": false, ""pinned"": false, ""over_18"": false, ""all_awardings"": [], ""awarders"": [], ""media_only"": false, ""can_gild"": false, ""spoiler"": false, ""locked"": false, ""author_flair_text"": null, ""treatment_tags"": [], ""visited"": false, ""removed_by"": null, ""num_reports"": null, ""distinguished"": null, ""subreddit_id"": ""t5_2xr01"", ""author_is_blocked"": false, ""mod_reason_by"": null, ""removal_reason"": null, ""link_flair_background_color"": """", ""id"": ""r8fp82"", ""is_robot_indexable"": true, ""report_reasons"": null, ""author"": ""Spooxs"", ""discussion_type"": null, ""num_comments"": 12, ""send_replies"": true, ""contest_mode"": false, ""mod_reports"": [], ""author_patreon_flair"": false, ""author_flair_text_color"": null, ""permalink"": ""/r/wildfires/comments/r8fp82/who_causes_climate_change/"", ""stickied"": false, ""url"": ""https://i.redd.it/ag0nzu5ovf381.jpg"", ""subreddit_subscribers"": 922, ""created_utc"": 1638585993.0, ""num_crossposts"": 0, ""media"": null, ""is_video"": false}","{""subreddit"": ""wildfires"", ""score"": 18, ""id"": ""r8fp82"", ""url"": ""https://i.redd.it/ag0nzu5ovf381.jpg"", ""num_comments"": 12, ""author"": ""Spooxs""}"
reddit,2026-04-07 18:47:52.185229,2021-10-21 22:53:46,,,Burn scars: Recovery feels a long way out,"{""approved_at_utc"": null, ""subreddit"": ""wildfires"", ""selftext"": """", ""author_fullname"": ""t2_8sa6i"", ""saved"": false, ""mod_reason_title"": null, ""gilded"": 0, ""clicked"": false, ""title"": ""Burn scars: Recovery feels a long way out"", ""link_flair_richtext"": [], ""subreddit_name_prefixed"": ""r/wildfires"", ""hidden"": false, ""pwls"": null, ""link_flair_css_class"": null, ""downs"": 0, ""top_awarded_type"": null, ""hide_score"": false, ""name"": ""t3_qd3jer"", ""quarantine"": false, ""link_flair_text_color"": ""dark"", ""upvote_ratio"": 0.71, ""author_flair_background_color"": null, ""subreddit_type"": ""restricted"", ""ups"": 4, ""total_awards_received"": 0, ""media_embed"": {}, ""author_flair_template_id"": null, ""is_original_content"": false, ""user_reports"": [], ""secure_media"": null, ""is_reddit_media_domain"": false, ""is_meta"": false, ""category"": null, ""secure_media_embed"": {}, ""link_flair_text"": null, ""can_mod_post"": false, ""score"": 4, ""approved_by"": null, ""is_created_from_ads_ui"": false, ""author_premium"": false, ""thumbnail"": """", ""edited"": false, ""author_flair_css_class"": null, ""author_flair_richtext"": [], ""gildings"": {}, ""content_categories"": null, ""is_self"": false, ""mod_note"": null, ""created"": 1634856826.0, ""link_flair_type"": ""text"", ""wls"": null, ""removed_by_category"": null, ""banned_by"": null, ""author_flair_type"": ""text"", ""domain"": ""skyhinews.com"", ""allow_live_comments"": false, ""selftext_html"": null, ""likes"": null, ""suggested_sort"": null, ""banned_at_utc"": null, ""url_overridden_by_dest"": ""https://www.skyhinews.com/news/burn-scars-recovery-feels-a-long-way-out/"", ""view_count"": null, ""archived"": false, ""no_follow"": false, ""is_crosspostable"": false, ""pinned"": false, ""over_18"": false, ""all_awardings"": [], ""awarders"": [], ""media_only"": false, ""can_gild"": false, ""spoiler"": false, ""locked"": false, ""author_flair_text"": null, ""treatment_tags"": [], ""visited"": false, ""removed_by"": null, ""num_reports"": null, ""distinguished"": null, ""subreddit_id"": ""t5_2xr01"", ""author_is_blocked"": false, ""mod_reason_by"": null, ""removal_reason"": null, ""link_flair_background_color"": """", ""id"": ""qd3jer"", ""is_robot_indexable"": true, ""report_reasons"": null, ""author"": ""drak0bsidian"", ""discussion_type"": null, ""num_comments"": 0, ""send_replies"": true, ""contest_mode"": false, ""mod_reports"": [], ""author_patreon_flair"": false, ""author_flair_text_color"": null, ""permalink"": ""/r/wildfires/comments/qd3jer/burn_scars_recovery_feels_a_long_way_out/"", ""stickied"": false, ""url"": ""https://www.skyhinews.com/news/burn-scars-recovery-feels-a-long-way-out/"", ""subreddit_subscribers"": 922, ""created_utc"": 1634856826.0, ""num_crossposts"": 0, ""media"": null, ""is_video"": false}","{""subreddit"": ""wildfires"", ""score"": 4, ""id"": ""qd3jer"", ""url"": ""https://www.skyhinews.com/news/burn-scars-recovery-feels-a-long-way-out/"", ""num_comments"": 0, ""author"": ""drak0bsidian""}"
reddit,2026-04-07 18:47:52.185272,2021-10-19 18:59:40,,,"Hmong Americans in Northern California fight wildfire — and distrust: Wary of local authorities, a community forms an ad-hoc firefighting force to defend its property.","{""approved_at_utc"": null, ""subreddit"": ""wildfires"", ""selftext"": """", ""author_fullname"": ""t2_8sa6i"", ""saved"": false, ""mod_reason_title"": null, ""gilded"": 0, ""clicked"": false, ""title"": ""Hmong Americans in Northern California fight wildfire \u2014 and distrust: Wary of local authorities, a community forms an ad-hoc firefighting force to defend its property."", ""link_flair_richtext"": [], ""subreddit_name_prefixed"": ""r/wildfires"", ""hidden"": false, ""pwls"": null, ""link_flair_css_class"": null, ""downs"": 0, ""top_awarded_type"": null, ""hide_score"": false, ""name"": ""t3_qbi9z2"", ""quarantine"": false, ""link_flair_text_color"": ""dark"", ""upvote_ratio"": 0.99, ""author_flair_background_color"": null, ""subreddit_type"": ""restricted"", ""ups"": 13, ""total_awards_received"": 0, ""media_embed"": {}, ""author_flair_template_id"": null, ""is_original_content"": false, ""user_reports"": [], ""secure_media"": null, ""is_reddit_media_domain"": false, ""is_meta"": false, ""category"": null, ""secure_media_embed"": {}, ""link_flair_text"": null, ""can_mod_post"": false, ""score"": 13, ""approved_by"": null, ""is_created_from_ads_ui"": false, ""author_premium"": false, ""thumbnail"": """", ""edited"": false, ""author_flair_css_class"": null, ""author_flair_richtext"": [], ""gildings"": {}, ""content_categories"": null, ""is_self"": false, ""mod_note"": null, ""created"": 1634669980.0, ""link_flair_type"": ""text"", ""wls"": null, ""removed_by_category"": null, ""banned_by"": null, ""author_flair_type"": ""text"", ""domain"": ""hcn.org"", ""allow_live_comments"": false, ""selftext_html"": null, ""likes"": null, ""suggested_sort"": null, ""banned_at_utc"": null, ""url_overridden_by_dest"": ""https://www.hcn.org/issues/53.11/south-wildfire-hmong-americans-in-northern-california-fight-wildfire-and-distrust"", ""view_count"": null, ""archived"": false, ""no_follow"": false, ""is_crosspostable"": false, ""pinned"": false, ""over_18"": false, ""all_awardings"": [], ""awarders"": [], ""media_only"": false, ""can_gild"": false, ""spoiler"": false, ""locked"": false, ""author_flair_text"": null, ""treatment_tags"": [], ""visited"": false, ""removed_by"": null, ""num_reports"": null, ""distinguished"": null, ""subreddit_id"": ""t5_2xr01"", ""author_is_blocked"": false, ""mod_reason_by"": null, ""removal_reason"": null, ""link_flair_background_color"": """", ""id"": ""qbi9z2"", ""is_robot_indexable"": true, ""report_reasons"": null, ""author"": ""drak0bsidian"", ""discussion_type"": null, ""num_comments"": 4, ""send_replies"": true, ""contest_mode"": false, ""mod_reports"": [], ""author_patreon_flair"": false, ""author_flair_text_color"": null, ""permalink"": ""/r/wildfires/comments/qbi9z2/hmong_americans_in_northern_california_fight/"", ""stickied"": false, ""url"": ""https://www.hcn.org/issues/53.11/south-wildfire-hmong-americans-in-northern-california-fight-wildfire-and-distrust"", ""subreddit_subscribers"": 922, ""created_utc"": 1634669980.0, ""num_crossposts"": 1, ""media"": null, ""is_video"": false}","{""subreddit"": ""wildfires"", ""score"": 13, ""id"": ""qbi9z2"", ""url"": ""https://www.hcn.org/issues/53.11/south-wildfire-hmong-americans-in-northern-california-fight-wildfire-and-distrust"", ""num_comments"": 4, ""author"": ""drak0bsidian""}"
reddit,2026-04-07 18:47:52.185310,2021-10-07 17:06:55,,,Drones Take Their Place on the Cutting Edge of Wildfire Fighting,"{""approved_at_utc"": null, ""subreddit"": ""wildfires"", ""selftext"": """", ""author_fullname"": ""t2_wfrmc"", ""saved"": false, ""mod_reason_title"": null, ""gilded"": 0, ""clicked"": false, ""title"": ""Drones Take Their Place on the Cutting Edge of Wildfire Fighting"", ""link_flair_richtext"": [], ""subreddit_name_prefixed"": ""r/wildfires"", ""hidden"": false, ""pwls"": null, ""link_flair_css_class"": null, ""downs"": 0, ""top_awarded_type"": null, ""hide_score"": false, ""name"": ""t3_q3dmza"", ""quarantine"": false, ""link_flair_text_color"": ""dark"", ""upvote_ratio"": 1.0, ""author_flair_background_color"": null, ""subreddit_type"": ""restricted"", ""ups"": 5, ""total_awards_received"": 0, ""media_embed"": {}, ""author_flair_template_id"": null, ""is_original_content"": false, ""user_reports"": [], ""secure_media"": null, ""is_reddit_media_domain"": false, ""is_meta"": false, ""category"": null, ""secure_media_embed"": {}, ""link_flair_text"": null, ""can_mod_post"": false, ""score"": 5, ""approved_by"": null, ""is_created_from_ads_ui"": false, ""author_premium"": false, ""thumbnail"": """", ""edited"": false, ""author_flair_css_class"": null, ""author_flair_richtext"": [], ""gildings"": {}, ""content_categories"": null, ""is_self"": false, ""mod_note"": null, ""created"": 1633626415.0, ""link_flair_type"": ""text"", ""wls"": null, ""removed_by_category"": null, ""banned_by"": null, ""author_flair_type"": ""text"", ""domain"": ""flyingmag.com"", ""allow_live_comments"": false, ""selftext_html"": null, ""likes"": null, ""suggested_sort"": null, ""banned_at_utc"": null, ""url_overridden_by_dest"": ""https://www.flyingmag.com/story/news/drones-wildfire-fighting/"", ""view_count"": null, ""archived"": false, ""no_follow"": false, ""is_crosspostable"": false, ""pinned"": false, ""over_18"": false, ""all_awardings"": [], ""awarders"": [], ""media_only"": false, ""can_gild"": false, ""spoiler"": false, ""locked"": false, ""author_flair_text"": null, ""treatment_tags"": [], ""visited"": false, ""removed_by"": null, ""num_reports"": null, ""distinguished"": null, ""subreddit_id"": ""t5_2xr01"", ""author_is_blocked"": false, ""mod_reason_by"": null, ""removal_reason"": null, ""link_flair_background_color"": """", ""id"": ""q3dmza"", ""is_robot_indexable"": true, ""report_reasons"": null, ""author"": ""Harley109"", ""discussion_type"": null, ""num_comments"": 0, ""send_replies"": true, ""contest_mode"": false, ""mod_reports"": [], ""author_patreon_flair"": false, ""author_flair_text_color"": null, ""permalink"": ""/r/wildfires/comments/q3dmza/drones_take_their_place_on_the_cutting_edge_of/"", ""stickied"": false, ""url"": ""https://www.flyingmag.com/story/news/drones-wildfire-fighting/"", ""subreddit_subscribers"": 922, ""created_utc"": 1633626415.0, ""num_crossposts"": 0, ""media"": null, ""is_video"": false}","{""subreddit"": ""wildfires"", ""score"": 5, ""id"": ""q3dmza"", ""url"": ""https://www.flyingmag.com/story/news/drones-wildfire-fighting/"", ""num_comments"": 0, ""author"": ""Harley109""}"
reddit,2026-04-07 18:47:52.185344,2021-09-24 19:48:31,,,The Hero Myth of Wildland Firefighting: It’s not heroic to fight a problem that could have been averted with responsible policy. It’s tragic.,"{""approved_at_utc"": null, ""subreddit"": ""wildfires"", ""selftext"": """", ""author_fullname"": ""t2_8sa6i"", ""saved"": false, ""mod_reason_title"": null, ""gilded"": 0, ""clicked"": false, ""title"": ""The Hero Myth of Wildland Firefighting: It\u2019s not heroic to fight a problem that could have been averted with responsible policy. It\u2019s tragic."", ""link_flair_richtext"": [], ""subreddit_name_prefixed"": ""r/wildfires"", ""hidden"": false, ""pwls"": null, ""link_flair_css_class"": null, ""downs"": 0, ""top_awarded_type"": null, ""hide_score"": false, ""name"": ""t3_pur68z"", ""quarantine"": false, ""link_flair_text_color"": ""dark"", ""upvote_ratio"": 0.9, ""author_flair_background_color"": null, ""subreddit_type"": ""restricted"", ""ups"": 9, ""total_awards_received"": 0, ""media_embed"": {}, ""author_flair_template_id"": null, ""is_original_content"": false, ""user_reports"": [], ""secure_media"": null, ""is_reddit_media_domain"": false, ""is_meta"": false, ""category"": null, ""secure_media_embed"": {}, ""link_flair_text"": null, ""can_mod_post"": false, ""score"": 9, ""approved_by"": null, ""is_created_from_ads_ui"": false, ""author_premium"": false, ""thumbnail"": """", ""edited"": false, ""author_flair_css_class"": null, ""author_flair_richtext"": [], ""gildings"": {}, ""content_categories"": null, ""is_self"": false, ""mod_note"": null, ""created"": 1632512911.0, ""link_flair_type"": ""text"", ""wls"": null, ""removed_by_category"": null, ""banned_by"": null, ""author_flair_type"": ""text"", ""domain"": ""undark.org"", ""allow_live_comments"": false, ""selftext_html"": null, ""likes"": null, ""suggested_sort"": null, ""banned_at_utc"": null, ""url_overridden_by_dest"": ""https://undark.org/2021/09/23/the-hero-myth-of-wildland-firefighting/"", ""view_count"": null, ""archived"": false, ""no_follow"": false, ""is_crosspostable"": false, ""pinned"": false, ""over_18"": false, ""all_awardings"": [], ""awarders"": [], ""media_only"": false, ""can_gild"": false, ""spoiler"": false, ""locked"": false, ""author_flair_text"": null, ""treatment_tags"": [], ""visited"": false, ""removed_by"": null, ""num_reports"": null, ""distinguished"": null, ""subreddit_id"": ""t5_2xr01"", ""author_is_blocked"": false, ""mod_reason_by"": null, ""removal_reason"": null, ""link_flair_background_color"": """", ""id"": ""pur68z"", ""is_robot_indexable"": true, ""report_reasons"": null, ""author"": ""drak0bsidian"", ""discussion_type"": null, ""num_comments"": 4, ""send_replies"": true, ""contest_mode"": false, ""mod_reports"": [], ""author_patreon_flair"": false, ""author_flair_text_color"": null, ""permalink"": ""/r/wildfires/comments/pur68z/the_hero_myth_of_wildland_firefighting_its_not/"", ""stickied"": false, ""url"": ""https://undark.org/2021/09/23/the-hero-myth-of-wildland-firefighting/"", ""subreddit_subscribers"": 922, ""created_utc"": 1632512911.0, ""num_crossposts"": 0, ""media"": null, ""is_video"": false}","{""subreddit"": ""wildfires"", ""score"": 9, ""id"": ""pur68z"", ""url"": ""https://undark.org/2021/09/23/the-hero-myth-of-wildland-firefighting/"", ""num_comments"": 4, ""author"": ""drak0bsidian""}"
reddit,2026-04-07 18:47:52.185379,2021-09-21 17:03:18,,,California Firefighters Keep Getting Injured During Training. Some Have Died,"{""approved_at_utc"": null, ""subreddit"": ""wildfires"", ""selftext"": """", ""author_fullname"": ""t2_eoesjs57"", ""saved"": false, ""mod_reason_title"": null, ""gilded"": 0, ""clicked"": false, ""title"": ""California Firefighters Keep Getting Injured During Training. Some Have Died"", ""link_flair_richtext"": [], ""subreddit_name_prefixed"": ""r/wildfires"", ""hidden"": false, ""pwls"": null, ""link_flair_css_class"": null, ""downs"": 0, ""top_awarded_type"": null, ""hide_score"": false, ""name"": ""t3_psn15c"", ""quarantine"": false, ""link_flair_text_color"": ""dark"", ""upvote_ratio"": 0.86, ""author_flair_background_color"": null, ""subreddit_type"": ""restricted"", ""ups"": 5, ""total_awards_received"": 0, ""media_embed"": {}, ""author_flair_template_id"": null, ""is_original_content"": false, ""user_reports"": [], ""secure_media"": null, ""is_reddit_media_domain"": false, ""is_meta"": false, ""category"": null, ""secure_media_embed"": {}, ""link_flair_text"": null, ""can_mod_post"": false, ""score"": 5, ""approved_by"": null, ""is_created_from_ads_ui"": false, ""author_premium"": false, ""thumbnail"": """", ""edited"": false, ""author_flair_css_class"": null, ""author_flair_richtext"": [], ""gildings"": {}, ""content_categories"": null, ""is_self"": false, ""mod_note"": null, ""created"": 1632243798.0, ""link_flair_type"": ""text"", ""wls"": null, ""removed_by_category"": null, ""banned_by"": null, ""author_flair_type"": ""text"", ""domain"": ""laist.com"", ""allow_live_comments"": false, ""selftext_html"": null, ""likes"": null, ""suggested_sort"": null, ""banned_at_utc"": null, ""url_overridden_by_dest"": ""https://laist.com/news/climate-environment/california-cal-firefighters-training-injuries-deaths"", ""view_count"": null, ""archived"": false, ""no_follow"": false, ""is_crosspostable"": false, ""pinned"": false, ""over_18"": false, ""all_awardings"": [], ""awarders"": [], ""media_only"": false, ""can_gild"": false, ""spoiler"": false, ""locked"": false, ""author_flair_text"": null, ""treatment_tags"": [], ""visited"": false, ""removed_by"": null, ""num_reports"": null, ""distinguished"": null, ""subreddit_id"": ""t5_2xr01"", ""author_is_blocked"": false, ""mod_reason_by"": null, ""removal_reason"": null, ""link_flair_background_color"": """", ""id"": ""psn15c"", ""is_robot_indexable"": true, ""report_reasons"": null, ""author"": ""posting-news"", ""discussion_type"": null, ""num_comments"": 2, ""send_replies"": true, ""contest_mode"": false, ""mod_reports"": [], ""author_patreon_flair"": false, ""author_flair_text_color"": null, ""permalink"": ""/r/wildfires/comments/psn15c/california_firefighters_keep_getting_injured/"", ""stickied"": false, ""url"": ""https://laist.com/news/climate-environment/california-cal-firefighters-training-injuries-deaths"", ""subreddit_subscribers"": 922, ""created_utc"": 1632243798.0, ""num_crossposts"": 0, ""media"": null, ""is_video"": false}","{""subreddit"": ""wildfires"", ""score"": 5, ""id"": ""psn15c"", ""url"": ""https://laist.com/news/climate-environment/california-cal-firefighters-training-injuries-deaths"", ""num_comments"": 2, ""author"": ""posting-news""}"
reddit,2026-04-07 18:47:52.185413,2021-09-02 14:14:33,,,The massive and destructive Caldor Fire continues to burn across the Sierra Nevada mountain range and into the South Lake Tahoe area.,"{""approved_at_utc"": null, ""subreddit"": ""wildfires"", ""selftext"": """", ""author_fullname"": ""t2_dq6syvz4"", ""saved"": false, ""mod_reason_title"": null, ""gilded"": 0, ""clicked"": false, ""is_gallery"": true, ""title"": ""The massive and destructive Caldor Fire continues to burn across the Sierra Nevada mountain range and into the South Lake Tahoe area."", ""link_flair_richtext"": [], ""subreddit_name_prefixed"": ""r/wildfires"", ""hidden"": false, ""pwls"": null, ""link_flair_css_class"": null, ""downs"": 0, ""top_awarded_type"": null, ""hide_score"": false, ""media_metadata"": {""ejmprr8jl3l71"": {""status"": ""valid"", ""e"": ""Image"", ""m"": ""image/jpg"", ""p"": [{""y"": 72, ""x"": 108, ""u"": ""https://preview.redd.it/ejmprr8jl3l71.jpg?width=108&amp;crop=smart&amp;auto=webp&amp;s=60e57c26f5d888a38736dd4fbc1b4ff3b95939d3""}, {""y"": 144, ""x"": 216, ""u"": ""https://preview.redd.it/ejmprr8jl3l71.jpg?width=216&amp;crop=smart&amp;auto=webp&amp;s=469302de8c74e99145ca7118992f7ce46ceec1b8""}, {""y"": 213, ""x"": 320, ""u"": ""https://preview.redd.it/ejmprr8jl3l71.jpg?width=320&amp;crop=smart&amp;auto=webp&amp;s=c7e550d32109a878b6c1a67d9acf8722d8c838bc""}, {""y"": 426, ""x"": 640, ""u"": ""https://preview.redd.it/ejmprr8jl3l71.jpg?width=640&amp;crop=smart&amp;auto=webp&amp;s=b73d10b741819e629fd4e96bd5c2ff38f3fa1661""}, {""y"": 640, ""x"": 960, ""u"": ""https://preview.redd.it/ejmprr8jl3l71.jpg?width=960&amp;crop=smart&amp;auto=webp&amp;s=93cf01451a4caf2b498b45dff0c12c24a0b076db""}], ""s"": {""y"": 660, ""x"": 990, ""u"": ""https://preview.redd.it/ejmprr8jl3l71.jpg?width=990&amp;format=pjpg&amp;auto=webp&amp;s=41777b0dd777d74e3e9e7ab0814800a2519a3d0a""}, ""id"": ""ejmprr8jl3l71""}, ""ggk9v1ajl3l71"": {""status"": ""valid"", ""e"": ""Image"", ""m"": ""image/jpg"", ""p"": [{""y"": 73, ""x"": 108, ""u"": ""https://preview.redd.it/ggk9v1ajl3l71.jpg?width=108&amp;crop=smart&amp;auto=webp&amp;s=6c700ce5aeae6f053b0fbd7286598f28520ea788""}, {""y"": 146, ""x"": 216, ""u"": ""https://preview.redd.it/ggk9v1ajl3l71.jpg?width=216&amp;crop=smart&amp;auto=webp&amp;s=c3e24083b32f8f5e629e07526b43a5013e9752b0""}, {""y"": 216, ""x"": 320, ""u"": ""https://preview.redd.it/ggk9v1ajl3l71.jpg?width=320&amp;crop=smart&amp;auto=webp&amp;s=6a52c8f6c392e0b8a0a69aeb05534b9cbf6af1f2""}, {""y"": 432, ""x"": 640, ""u"": ""https://preview.redd.it/ggk9v1ajl3l71.jpg?width=640&amp;crop=smart&amp;auto=webp&amp;s=eb1835071c2eb2145b03a6ea1783caae2a7a2875""}], ""s"": {""y"": 487, ""x"": 720, ""u"": ""https://preview.redd.it/ggk9v1ajl3l71.jpg?width=720&amp;format=pjpg&amp;auto=webp&amp;s=f3bf5dfc0e94c59d3666c82f542b2ce7bf7de1dd""}, ""id"": ""ggk9v1ajl3l71""}, ""v7agdr8jl3l71"": {""status"": ""valid"", ""e"": ""Image"", ""m"": ""image/jpg"", ""p"": [{""y"": 72, ""x"": 108, ""u"": ""https://preview.redd.it/v7agdr8jl3l71.jpg?width=108&amp;crop=smart&amp;auto=webp&amp;s=6d0ff94e7c6f8a215a23f53cabd3c4480f0c5b6a""}, {""y"": 144, ""x"": 216, ""u"": ""https://preview.redd.it/v7agdr8jl3l71.jpg?width=216&amp;crop=smart&amp;auto=webp&amp;s=29b4f3e2656b48f18076f5761209c5f6ce8fc512""}, {""y"": 213, ""x"": 320, ""u"": ""https://preview.redd.it/v7agdr8jl3l71.jpg?width=320&amp;crop=smart&amp;auto=webp&amp;s=49c8c70dd0b60e3ddc14ea7391cc3f9795afb2da""}, {""y"": 427, ""x"": 640, ""u"": ""https://preview.redd.it/v7agdr8jl3l71.jpg?width=640&amp;crop=smart&amp;auto=webp&amp;s=b356d282b7b161786f20a1ef2525a3614fda96fe""}, {""y"": 641, ""x"": 960, ""u"": ""https://preview.redd.it/v7agdr8jl3l71.jpg?width=960&amp;crop=smart&amp;auto=webp&amp;s=09bfdf1998d9ddb13ab0356a075e1734e0b8ce2a""}], ""s"": {""y"": 662, ""x"": 990, ""u"": ""https://preview.redd.it/v7agdr8jl3l71.jpg?width=990&amp;format=pjpg&amp;auto=webp&amp;s=1b73d9db3b2c77d7ae9c97aac61fe232be2e51b2""}, ""id"": ""v7agdr8jl3l71""}, ""5evoj39jl3l71"": {""status"": ""valid"", ""e"": ""Image"", ""m"": ""image/jpg"", ""p"": [{""y"": 71, ""x"": 108, ""u"": ""https://preview.redd.it/5evoj39jl3l71.jpg?width=108&amp;crop=smart&amp;auto=webp&amp;s=cc8c382b3f1888f74c322b4e15eb62098a7d581f""}, {""y"": 143, ""x"": 216, ""u"": ""https://preview.redd.it/5evoj39jl3l71.jpg?width=216&amp;crop=smart&amp;auto=webp&amp;s=b5a8ecacdde0861fa48b0df2d79c1069f99992cf""}, {""y"": 213, ""x"": 320, ""u"": ""https://preview.redd.it/5evoj39jl3l71.jpg?width=320&amp;crop=smart&amp;auto=webp&amp;s=ec9254e29815727a4f964f8286ac277e3cad09ee""}, {""y"": 426, ""x"": 640, ""u"": ""https://preview.redd.it/5evoj39jl3l71.jpg?width=640&amp;crop=smart&amp;auto=webp&amp;s=eceb3d0161b6ff113d25c15955d53c60694d4f10""}, {""y"": 639, ""x"": 960, ""u"": ""https://preview.redd.it/5evoj39jl3l71.jpg?width=960&amp;crop=smart&amp;auto=webp&amp;s=b63eae5e930e5679dec5fbfd0433f6fe7bf55c58""}], ""s"": {""y"": 659, ""x"": 990, ""u"": ""https://preview.redd.it/5evoj39jl3l71.jpg?width=990&amp;format=pjpg&amp;auto=webp&amp;s=07d6ccefa8c924dacca11e867ce553f6992b23d2""}, ""id"": ""5evoj39jl3l71""}}, ""name"": ""t3_pgiqnu"", ""quarantine"": false, ""link_flair_text_color"": ""dark"", ""upvote_ratio"": 1.0, ""author_flair_background_color"": null, ""subreddit_type"": ""restricted"", ""ups"": 11, ""total_awards_received"": 0, ""media_embed"": {}, ""author_flair_template_id"": null, ""is_original_content"": false, ""user_reports"": [], ""secure_media"": null, ""is_reddit_media_domain"": false, ""is_meta"": false, ""category"": null, ""secure_media_embed"": {}, ""gallery_data"": {""items"": [{""caption"": ""Caldor Fire"", ""outbound_url"": ""https://www.youtube.com/watch?v=EX7RoFYVr1o"", ""media_id"": ""ejmprr8jl3l71"", ""id"": 68752788, ""is_deleted"": false}, {""caption"": ""Caldor Fire"", ""outbound_url"": ""https://www.youtube.com/watch?v=EX7RoFYVr1o"", ""media_id"": ""v7agdr8jl3l71"", ""id"": 68752789, ""is_deleted"": false}, {""caption"": ""Caldor Fire"", ""outbound_url"": ""https://www.youtube.com/watch?v=EX7RoFYVr1o"", ""media_id"": ""ggk9v1ajl3l71"", ""id"": 68752790, ""is_deleted"": false}, {""caption"": ""Caldor Fire"", ""outbound_url"": ""https://www.youtube.com/watch?v=EX7RoFYVr1o"", ""media_id"": ""5evoj39jl3l71"", ""id"": 68752791, ""is_deleted"": false}]}, ""link_flair_text"": null, ""can_mod_post"": false, ""score"": 11, ""approved_by"": null, ""is_created_from_ads_ui"": false, ""author_premium"": false, ""thumbnail"": """", ""edited"": false, ""author_flair_css_class"": null, ""author_flair_richtext"": [], ""gildings"": {}, ""content_categories"": null, ""is_self"": false, ""mod_note"": null, ""created"": 1630592073.0, ""link_flair_type"": ""text"", ""wls"": null, ""removed_by_category"": null, ""banned_by"": null, ""author_flair_type"": ""text"", ""domain"": ""reddit.com"", ""allow_live_comments"": false, ""selftext_html"": null, ""likes"": null, ""suggested_sort"": null, ""banned_at_utc"": null, ""url_overridden_by_dest"": ""https://www.reddit.com/gallery/pgiqnu"", ""view_count"": null, ""archived"": false, ""no_follow"": false, ""is_crosspostable"": false, ""pinned"": false, ""over_18"": false, ""all_awardings"": [], ""awarders"": [], ""media_only"": false, ""can_gild"": false, ""spoiler"": false, ""locked"": false, ""author_flair_text"": null, ""treatment_tags"": [], ""visited"": false, ""removed_by"": null, ""num_reports"": null, ""distinguished"": null, ""subreddit_id"": ""t5_2xr01"", ""author_is_blocked"": false, ""mod_reason_by"": null, ""removal_reason"": null, ""link_flair_background_color"": """", ""id"": ""pgiqnu"", ""is_robot_indexable"": true, ""report_reasons"": null, ""author"": ""OptionCurrent5547"", ""discussion_type"": null, ""num_comments"": 1, ""send_replies"": true, ""contest_mode"": false, ""mod_reports"": [], ""author_patreon_flair"": false, ""author_flair_text_color"": null, ""permalink"": ""/r/wildfires/comments/pgiqnu/the_massive_and_destructive_caldor_fire_continues/"", ""stickied"": false, ""url"": ""https://www.youtube.com/watch?v=EX7RoFYVr1o"", ""subreddit_subscribers"": 922, ""created_utc"": 1630592073.0, ""num_crossposts"": 0, ""media"": null, ""is_video"": false}","{""subreddit"": ""wildfires"", ""score"": 11, ""id"": ""pgiqnu"", ""url"": ""https://www.youtube.com/watch?v=EX7RoFYVr1o"", ""num_comments"": 1, ""author"": ""OptionCurrent5547""}"
reddit,2026-04-07 18:47:52.185500,2021-08-29 00:00:58,,,The Reason We Don’t Have Enough Airplanes to Put Out Wildfires,"{""approved_at_utc"": null, ""subreddit"": ""wildfires"", ""selftext"": """", ""author_fullname"": ""t2_wfrmc"", ""saved"": false, ""mod_reason_title"": null, ""gilded"": 0, ""clicked"": false, ""title"": ""The Reason We Don\u2019t Have Enough Airplanes to Put Out Wildfires"", ""link_flair_richtext"": [], ""subreddit_name_prefixed"": ""r/wildfires"", ""hidden"": false, ""pwls"": null, ""link_flair_css_class"": null, ""downs"": 0, ""top_awarded_type"": null, ""hide_score"": false, ""name"": ""t3_pdkt56"", ""quarantine"": false, ""link_flair_text_color"": ""dark"", ""upvote_ratio"": 0.86, ""author_flair_background_color"": null, ""subreddit_type"": ""restricted"", ""ups"": 5, ""total_awards_received"": 0, ""media_embed"": {}, ""author_flair_template_id"": null, ""is_original_content"": false, ""user_reports"": [], ""secure_media"": null, ""is_reddit_media_domain"": false, ""is_meta"": false, ""category"": null, ""secure_media_embed"": {}, ""link_flair_text"": null, ""can_mod_post"": false, ""score"": 5, ""approved_by"": null, ""is_created_from_ads_ui"": false, ""author_premium"": false, ""thumbnail"": """", ""edited"": false, ""author_flair_css_class"": null, ""author_flair_richtext"": [], ""gildings"": {}, ""content_categories"": null, ""is_self"": false, ""mod_note"": null, ""created"": 1630195258.0, ""link_flair_type"": ""text"", ""wls"": null, ""removed_by_category"": null, ""banned_by"": null, ""author_flair_type"": ""text"", ""domain"": ""slate.com"", ""allow_live_comments"": false, ""selftext_html"": null, ""likes"": null, ""suggested_sort"": null, ""banned_at_utc"": null, ""url_overridden_by_dest"": ""https://slate.com/business/2021/08/california-wildfires-airplanes-dc10-shortage.html"", ""view_count"": null, ""archived"": false, ""no_follow"": false, ""is_crosspostable"": false, ""pinned"": false, ""over_18"": false, ""all_awardings"": [], ""awarders"": [], ""media_only"": false, ""can_gild"": false, ""spoiler"": false, ""locked"": false, ""author_flair_text"": null, ""treatment_tags"": [], ""visited"": false, ""removed_by"": null, ""num_reports"": null, ""distinguished"": null, ""subreddit_id"": ""t5_2xr01"", ""author_is_blocked"": false, ""mod_reason_by"": null, ""removal_reason"": null, ""link_flair_background_color"": """", ""id"": ""pdkt56"", ""is_robot_indexable"": true, ""report_reasons"": null, ""author"": ""Harley109"", ""discussion_type"": null, ""num_comments"": 5, ""send_replies"": true, ""contest_mode"": false, ""mod_reports"": [], ""author_patreon_flair"": false, ""author_flair_text_color"": null, ""permalink"": ""/r/wildfires/comments/pdkt56/the_reason_we_dont_have_enough_airplanes_to_put/"", ""stickied"": false, ""url"": ""https://slate.com/business/2021/08/california-wildfires-airplanes-dc10-shortage.html"", ""subreddit_subscribers"": 922, ""created_utc"": 1630195258.0, ""num_crossposts"": 0, ""media"": null, ""is_video"": false}","{""subreddit"": ""wildfires"", ""score"": 5, ""id"": ""pdkt56"", ""url"": ""https://slate.com/business/2021/08/california-wildfires-airplanes-dc10-shortage.html"", ""num_comments"": 5, ""author"": ""Harley109""}"
reddit,2026-04-07 18:47:52.185535,2021-08-25 14:07:51,,,"Smoke from faraway wildfires may be worse for Coloradans than if it came from blazes in their own backyards: Some initial studies have shown that long-range smoke may be more toxic and since one of its characteristics is that its smoky smell disappears, it is sneakier.","{""approved_at_utc"": null, ""subreddit"": ""wildfires"", ""selftext"": """", ""user_reports"": [], ""saved"": false, ""mod_reason_title"": null, ""gilded"": 0, ""clicked"": false, ""title"": ""Smoke from faraway wildfires may be worse for Coloradans than if it came from blazes in their own backyards: Some initial studies have shown that long-range smoke may be more toxic and since one of its characteristics is that its smoky smell disappears, it is sneakier."", ""link_flair_richtext"": [], ""subreddit_name_prefixed"": ""r/wildfires"", ""hidden"": false, ""pwls"": null, ""link_flair_css_class"": null, ""downs"": 0, ""top_awarded_type"": null, ""hide_score"": false, ""name"": ""t3_pbbyet"", ""quarantine"": false, ""link_flair_text_color"": ""dark"", ""upvote_ratio"": 0.99, ""author_flair_background_color"": null, ""subreddit_type"": ""restricted"", ""ups"": 5, ""total_awards_received"": 0, ""media_embed"": {}, ""author_flair_template_id"": null, ""is_original_content"": false, ""author_fullname"": ""t2_8sa6i"", ""secure_media"": null, ""is_reddit_media_domain"": false, ""is_meta"": false, ""category"": null, ""secure_media_embed"": {}, ""link_flair_text"": null, ""can_mod_post"": false, ""score"": 5, ""approved_by"": null, ""is_created_from_ads_ui"": false, ""author_premium"": false, ""thumbnail"": """", ""edited"": false, ""author_flair_css_class"": null, ""author_flair_richtext"": [], ""gildings"": {}, ""content_categories"": null, ""is_self"": false, ""mod_note"": null, ""crosspost_parent_list"": [{""approved_at_utc"": null, ""subreddit"": ""wildfires"", ""selftext"": """", ""author_fullname"": ""t2_8sa6i"", ""saved"": false, ""mod_reason_title"": null, ""gilded"": 0, ""clicked"": false, ""title"": ""Smoke from faraway wildfires may be worse for Coloradans than if it came from blazes in their own backyards: Some initial studies have shown that long-range smoke may be more toxic and since one of its characteristics is that its smoky smell disappears, it is sneakier."", ""link_flair_richtext"": [], ""subreddit_name_prefixed"": ""r/wildfires"", ""hidden"": false, ""pwls"": null, ""link_flair_css_class"": null, ""downs"": 0, ""top_awarded_type"": null, ""hide_score"": false, ""name"": ""t3_pbby7i"", ""quarantine"": false, ""link_flair_text_color"": ""dark"", ""upvote_ratio"": 0.91, ""author_flair_background_color"": null, ""subreddit_type"": ""restricted"", ""ups"": 9, ""total_awards_received"": 0, ""media_embed"": {}, ""author_flair_template_id"": null, ""is_original_content"": false, ""user_reports"": [], ""secure_media"": null, ""is_reddit_media_domain"": false, ""is_meta"": false, ""category"": null, ""secure_media_embed"": {}, ""link_flair_text"": null, ""can_mod_post"": false, ""score"": 9, ""approved_by"": null, ""is_created_from_ads_ui"": false, ""author_premium"": false, ""thumbnail"": """", ""edited"": false, ""author_flair_css_class"": null, ""author_flair_richtext"": [], ""gildings"": {}, ""content_categories"": null, ""is_self"": false, ""mod_note"": null, ""created"": 1629900452.0, ""link_flair_type"": ""text"", ""wls"": null, ""removed_by_category"": null, ""banned_by"": null, ""author_flair_type"": ""text"", ""domain"": ""coloradosun.com"", ""allow_live_comments"": false, ""selftext_html"": null, ""likes"": null, ""suggested_sort"": null, ""banned_at_utc"": null, ""url_overridden_by_dest"": ""https://coloradosun.com/2021/08/25/california-wildfire-smoke-health-hazard-colorado/"", ""view_count"": null, ""archived"": false, ""no_follow"": false, ""is_crosspostable"": false, ""pinned"": false, ""over_18"": false, ""all_awardings"": [], ""awarders"": [], ""media_only"": false, ""can_gild"": false, ""spoiler"": false, ""locked"": false, ""author_flair_text"": null, ""treatment_tags"": [], ""visited"": false, ""removed_by"": null, ""num_reports"": null, ""distinguished"": null, ""subreddit_id"": ""t5_2xr01"", ""author_is_blocked"": false, ""mod_reason_by"": null, ""removal_reason"": null, ""link_flair_background_color"": """", ""id"": ""pbby7i"", ""is_robot_indexable"": true, ""report_reasons"": null, ""author"": ""drak0bsidian"", ""discussion_type"": null, ""num_comments"": 1, ""send_replies"": true, ""contest_mode"": false, ""mod_reports"": [], ""author_patreon_flair"": false, ""author_flair_text_color"": null, ""permalink"": ""/r/wildfires/comments/pbby7i/smoke_from_faraway_wildfires_may_be_worse_for/"", ""stickied"": false, ""url"": ""https://coloradosun.com/2021/08/25/california-wildfire-smoke-health-hazard-colorado/"", ""subreddit_subscribers"": 922, ""created_utc"": 1629900452.0, ""num_crossposts"": 1, ""media"": null, ""is_video"": false}], ""created"": 1629900471.0, ""link_flair_type"": ""text"", ""wls"": null, ""removed_by_category"": null, ""banned_by"": null, ""author_flair_type"": ""text"", ""domain"": ""coloradosun.com"", ""allow_live_comments"": false, ""selftext_html"": null, ""likes"": null, ""suggested_sort"": null, ""banned_at_utc"": null, ""url_overridden_by_dest"": ""https://coloradosun.com/2021/08/25/california-wildfire-smoke-health-hazard-colorado/"", ""view_count"": null, ""archived"": false, ""no_follow"": false, ""is_crosspostable"": false, ""pinned"": false, ""over_18"": false, ""all_awardings"": [], ""awarders"": [], ""media_only"": false, ""can_gild"": false, ""spoiler"": false, ""locked"": false, ""author_flair_text"": null, ""treatment_tags"": [], ""visited"": false, ""removed_by"": null, ""num_reports"": null, ""distinguished"": null, ""subreddit_id"": ""t5_2xr01"", ""author_is_blocked"": false, ""mod_reason_by"": null, ""removal_reason"": null, ""link_flair_background_color"": """", ""id"": ""pbbyet"", ""is_robot_indexable"": true, ""report_reasons"": null, ""author"": ""drak0bsidian"", ""discussion_type"": null, ""num_comments"": 1, ""send_replies"": true, ""contest_mode"": false, ""mod_reports"": [], ""author_patreon_flair"": false, ""crosspost_parent"": ""t3_pbby7i"", ""author_flair_text_color"": null, ""permalink"": ""/r/wildfires/comments/pbbyet/smoke_from_faraway_wildfires_may_be_worse_for/"", ""stickied"": false, ""url"": ""https://coloradosun.com/2021/08/25/california-wildfire-smoke-health-hazard-colorado/"", ""subreddit_subscribers"": 922, ""created_utc"": 1629900471.0, ""num_crossposts"": 0, ""media"": null, ""is_video"": false}","{""subreddit"": ""wildfires"", ""score"": 5, ""id"": ""pbbyet"", ""url"": ""https://coloradosun.com/2021/08/25/california-wildfire-smoke-health-hazard-colorado/"", ""num_comments"": 1, ""author"": ""drak0bsidian""}"
reddit,2026-04-07 18:47:52.185595,2021-08-25 14:07:32,,,"Smoke from faraway wildfires may be worse for Coloradans than if it came from blazes in their own backyards: Some initial studies have shown that long-range smoke may be more toxic and since one of its characteristics is that its smoky smell disappears, it is sneakier.","{""approved_at_utc"": null, ""subreddit"": ""wildfires"", ""selftext"": """", ""author_fullname"": ""t2_8sa6i"", ""saved"": false, ""mod_reason_title"": null, ""gilded"": 0, ""clicked"": false, ""title"": ""Smoke from faraway wildfires may be worse for Coloradans than if it came from blazes in their own backyards: Some initial studies have shown that long-range smoke may be more toxic and since one of its characteristics is that its smoky smell disappears, it is sneakier."", ""link_flair_richtext"": [], ""subreddit_name_prefixed"": ""r/wildfires"", ""hidden"": false, ""pwls"": null, ""link_flair_css_class"": null, ""downs"": 0, ""top_awarded_type"": null, ""hide_score"": false, ""name"": ""t3_pbby7i"", ""quarantine"": false, ""link_flair_text_color"": ""dark"", ""upvote_ratio"": 0.85, ""author_flair_background_color"": null, ""subreddit_type"": ""restricted"", ""ups"": 9, ""total_awards_received"": 0, ""media_embed"": {}, ""author_flair_template_id"": null, ""is_original_content"": false, ""user_reports"": [], ""secure_media"": null, ""is_reddit_media_domain"": false, ""is_meta"": false, ""category"": null, ""secure_media_embed"": {}, ""link_flair_text"": null, ""can_mod_post"": false, ""score"": 9, ""approved_by"": null, ""is_created_from_ads_ui"": false, ""author_premium"": false, ""thumbnail"": """", ""edited"": false, ""author_flair_css_class"": null, ""author_flair_richtext"": [], ""gildings"": {}, ""content_categories"": null, ""is_self"": false, ""mod_note"": null, ""created"": 1629900452.0, ""link_flair_type"": ""text"", ""wls"": null, ""removed_by_category"": null, ""banned_by"": null, ""author_flair_type"": ""text"", ""domain"": ""coloradosun.com"", ""allow_live_comments"": false, ""selftext_html"": null, ""likes"": null, ""suggested_sort"": null, ""banned_at_utc"": null, ""url_overridden_by_dest"": ""https://coloradosun.com/2021/08/25/california-wildfire-smoke-health-hazard-colorado/"", ""view_count"": null, ""archived"": false, ""no_follow"": false, ""is_crosspostable"": false, ""pinned"": false, ""over_18"": false, ""all_awardings"": [], ""awarders"": [], ""media_only"": false, ""can_gild"": false, ""spoiler"": false, ""locked"": false, ""author_flair_text"": null, ""treatment_tags"": [], ""visited"": false, ""removed_by"": null, ""num_reports"": null, ""distinguished"": null, ""subreddit_id"": ""t5_2xr01"", ""author_is_blocked"": false, ""mod_reason_by"": null, ""removal_reason"": null, ""link_flair_background_color"": """", ""id"": ""pbby7i"", ""is_robot_indexable"": true, ""report_reasons"": null, ""author"": ""drak0bsidian"", ""discussion_type"": null, ""num_comments"": 1, ""send_replies"": true, ""contest_mode"": false, ""mod_reports"": [], ""author_patreon_flair"": false, ""author_flair_text_color"": null, ""permalink"": ""/r/wildfires/comments/pbby7i/smoke_from_faraway_wildfires_may_be_worse_for/"", ""stickied"": false, ""url"": ""https://coloradosun.com/2021/08/25/california-wildfire-smoke-health-hazard-colorado/"", ""subreddit_subscribers"": 922, ""created_utc"": 1629900452.0, ""num_crossposts"": 1, ""media"": null, ""is_video"": false}","{""subreddit"": ""wildfires"", ""score"": 9, ""id"": ""pbby7i"", ""url"": ""https://coloradosun.com/2021/08/25/california-wildfire-smoke-health-hazard-colorado/"", ""num_comments"": 1, ""author"": ""drak0bsidian""}"
